accuracy,.lower,.upper,.width,.point,.interval,p_above_chance,p_above_random,OverlapWithRandom,list,model
0.5066287878787878,0.47821969696969696,0.5359848484848485,0.95,median,hdi-collapsed,0.67175,0,0.158027195838714,unigram_contrast,128
0.4990530303030303,0.4696969696969697,0.5293560606060606,0.95,median,hdi-collapsed,0.45875,0,0.160960881714335,bigram_contrast,128
0.5378787878787878,0.509469696969697,0.5681818181818182,0.95,median,hdi-collapsed,0.99375,0.0025,0.158227272860715,both_contrast,128
