accuracy,.lower,.upper,.width,.point,.interval,p_above_chance,p_above_random,OverlapWithRandom,list,model
0.5085227272727273,0.4791666666666667,0.5378787878787878,0.95,median,hdi-collapsed,0.709,0,0.158746007611477,unigram_contrast,16
0.4990530303030303,0.4696969696969697,0.5303030303030303,0.95,median,hdi-collapsed,0.45775,0,0.16186454925252,bigram_contrast,16
0.5435606060606061,0.5151515151515151,0.571969696969697,0.95,median,hdi-collapsed,0.99675,0.00525,0.157466145044297,both_contrast,16
