accuracy,.lower,.upper,.width,.point,.interval,p_above_chance,p_above_random,OverlapWithRandom,list,model
0.5151515151515151,0.4583333333333333,0.5757575757575758,0.95,median,hdi-collapsed,0.685,0.0155,0.183954159302849,unigram_contrast,2
0.4962121212121212,0.4431818181818182,0.5606060606060606,0.95,median,hdi-collapsed,0.451,0.00375,0.186212502971338,bigram_contrast,2
0.5606060606060606,0.5075757575757576,0.6174242424242424,0.95,median,hdi-collapsed,0.983,0.25375,0.151000536613275,both_contrast,2
