accuracy,.lower,.upper,.width,.point,.interval,p_above_chance,p_above_random,OverlapWithRandom,list,model
0.5075757575757576,0.4772727272727273,0.5378787878787878,0.95,median,hdi-collapsed,0.68875,0,0.157796414193483,unigram_contrast,32
0.4990530303030303,0.4706439393939394,0.53125,0.95,median,hdi-collapsed,0.465,0,0.161932933004518,bigram_contrast,32
0.5416666666666666,0.5123106060606061,0.5681818181818182,0.95,median,hdi-collapsed,0.99625,0.00525,0.15738849842525,both_contrast,32
