accuracy,.lower,.upper,.width,.point,.interval,p_above_chance,p_above_random,OverlapWithRandom,list,model
0.5113636363636364,0.4715909090909091,0.5549242424242424,0.95,median,hdi-collapsed,0.68225,2.5e-4,0.173919177681179,unigram_contrast,4
0.5,0.4583333333333333,0.5454545454545454,0.95,median,hdi-collapsed,0.46525,0,0.177714107521279,bigram_contrast,4
0.5473484848484849,0.509469696969697,0.5890151515151515,0.95,median,hdi-collapsed,0.988,0.05625,0.162992586270984,both_contrast,4
