accuracy,.lower,.upper,.width,.point,.interval,p_above_chance,p_above_random,OverlapWithRandom,list,model
0.5066287878787878,0.4753787878787879,0.5350378787878788,0.95,median,hdi-collapsed,0.66325,0,0.158392401808746,unigram_contrast,512
0.4990530303030303,0.46875,0.5284090909090909,0.95,median,hdi-collapsed,0.461,0,0.16075734754483,bigram_contrast,512
0.5378787878787878,0.509469696969697,0.5662878787878788,0.95,median,hdi-collapsed,0.993,0.0025,0.157986426944681,both_contrast,512
