accuracy,.lower,.upper,.width,.point,.interval,p_above_chance,p_above_random,OverlapWithRandom,list,model
0.5066287878787878,0.4772727272727273,0.5350378787878788,0.95,median,hdi-collapsed,0.66375,0,0.157488416739403,unigram_contrast,64
0.4981060606060606,0.46875,0.5293560606060606,0.95,median,hdi-collapsed,0.44225,0,0.162666598831899,bigram_contrast,64
0.5397727272727273,0.5123106060606061,0.5681818181818182,0.95,median,hdi-collapsed,0.99575,0.0025,0.158140520807386,both_contrast,64
