accuracy,.lower,.upper,.width,.point,.interval,p_above_chance,p_above_random,OverlapWithRandom,list,model
0.5104166666666666,0.4791666666666667,0.5378787878787878,0.95,median,hdi-collapsed,0.7425,0,0.15849303174132,unigram_contrast,8
0.4990530303030303,0.4678030303030303,0.5284090909090909,0.95,median,hdi-collapsed,0.47325,0,0.160706232271393,bigram_contrast,8
0.5464015151515151,0.5160984848484849,0.5748106060606061,0.95,median,hdi-collapsed,0.99825,0.013,0.155430447255782,both_contrast,8
