accuracy,.lower,.upper,.width,.point,.interval,p_above_chance,p_above_random,OverlapWithRandom,list,model
0.5066287878787878,0.4791666666666667,0.5378787878787878,0.95,median,hdi-collapsed,0.65225,0,0.159114109977173,unigram_contrast,128
0.4990530303030303,0.4668560606060606,0.5284090909090909,0.95,median,hdi-collapsed,0.4635,0,0.161987942768673,bigram_contrast,128
0.5378787878787878,0.509469696969697,0.5681818181818182,0.95,median,hdi-collapsed,0.993,0.004,0.159318147276547,both_contrast,128
