accuracy,.lower,.upper,.width,.point,.interval,p_above_chance,p_above_random,OverlapWithRandom,list,model
0.5075757575757576,0.47821969696969696,0.5369318181818182,0.95,median,hdi-collapsed,0.67525,0,0.15876092176519,unigram_contrast,16
0.4981060606060606,0.4678030303030303,0.5284090909090909,0.95,median,hdi-collapsed,0.44575,0,0.161914858490497,bigram_contrast,16
0.5397727272727273,0.5085227272727273,0.5672348484848485,0.95,median,hdi-collapsed,0.9935,0.00275,0.158135094628394,both_contrast,16
