accuracy,.lower,.upper,.width,.point,.interval,p_above_chance,p_above_random,OverlapWithRandom,list,model
0.5113636363636364,0.45075757575757575,0.5681818181818182,0.95,median,hdi-collapsed,0.615,0.01125,0.185151798370387,unigram_contrast,2
0.4962121212121212,0.4356060606060606,0.553030303030303,0.95,median,hdi-collapsed,0.409,0.0035,0.186461005056698,bigram_contrast,2
0.5454545454545454,0.48863636363636365,0.5984848484848485,0.95,median,hdi-collapsed,0.93575,0.11625,0.171125241534252,both_contrast,2
