accuracy,.lower,.upper,.width,.point,.interval,p_above_chance,p_above_random,OverlapWithRandom,list,model
0.5075757575757576,0.4772727272727273,0.5359848484848485,0.95,median,hdi-collapsed,0.674,0,0.158337606524073,unigram_contrast,32
0.4990530303030303,0.46875,0.5265151515151515,0.95,median,hdi-collapsed,0.461,0,0.160725449311335,bigram_contrast,32
0.5388257575757576,0.509469696969697,0.5672348484848485,0.95,median,hdi-collapsed,0.99325,0.00275,0.158756058193127,both_contrast,32
