accuracy,.lower,.upper,.width,.point,.interval,p_above_chance,p_above_random,OverlapWithRandom,list,model
0.5066287878787878,0.47821969696969696,0.5378787878787878,0.95,median,hdi-collapsed,0.65525,0,0.158464386929212,unigram_contrast,512
0.5,0.4706439393939394,0.5303030303030303,0.95,median,hdi-collapsed,0.47925,0,0.16019841638042,bigram_contrast,512
0.5378787878787878,0.5075757575757576,0.5653409090909091,0.95,median,hdi-collapsed,0.9935,0.0025,0.159288054105412,both_contrast,512
