accuracy,.lower,.upper,.width,.point,.interval,p_above_chance,p_above_random,OverlapWithRandom,list,model
0.5066287878787878,0.4810606060606061,0.5397727272727273,0.95,median,hdi-collapsed,0.667,0,0.158973544464725,unigram_contrast,64
0.4981060606060606,0.46875,0.5303030303030303,0.95,median,hdi-collapsed,0.447,0,0.162333710575414,bigram_contrast,64
0.5378787878787878,0.509469696969697,0.5672348484848485,0.95,median,hdi-collapsed,0.99425,0.0025,0.159109334202953,both_contrast,64
