accuracy,.lower,.upper,.width,.point,.interval,p_above_chance,p_above_random,OverlapWithRandom,list,model
0.5085227272727273,0.48011363636363635,0.5378787878787878,0.95,median,hdi-collapsed,0.7105,0,0.157922459407853,unigram_contrast,8
0.4981060606060606,0.46875,0.5284090909090909,0.95,median,hdi-collapsed,0.4495,0,0.16134647128781,bigram_contrast,8
0.540719696969697,0.5123106060606061,0.5710227272727273,0.95,median,hdi-collapsed,0.995,0.005,0.158370521037848,both_contrast,8
