median_accuracy,hdi_low,hdi_high,p_above_chance,p_above_random,OverlapWithRandom,list,model
0.5636363636363636,0.5287878787878788,0.5984848484848485,1,0.19225,0.142854195538986,unigram_contrast,PhilipsPearl_DMCMC_Bigram
0.5424242424242425,0.5045454545454545,0.5757575757575758,0.988,0.0205,0.164244562998919,bigram_contrast,PhilipsPearl_DMCMC_Bigram
0.6590909090909091,0.6287878787878788,0.6893939393939394,1,1,0.00493921234655815,both_contrast,PhilipsPearl_DMCMC_Bigram
