accuracy,.lower,.upper,.width,.point,.interval,p_above_chance,p_above_random,OverlapWithRandom,list,model
0.7253787878787878,0.7026515151515151,0.7471590909090909,0.95,median,hdi-collapsed,1,1,4.27776023334695e-05,unigram_contrast,2
0.6221590909090909,0.59375,0.646780303030303,0.95,median,hdi-collapsed,1,0.9995,0.0193444195957753,bigram_contrast,2
0.7253787878787878,0.7035984848484849,0.7481060606060606,0.95,median,hdi-collapsed,1,1,5.92200511569478e-05,both_contrast,2
