accuracy,.lower,.upper,.width,.point,.interval,p_above_chance,p_above_random,OverlapWithRandom,list,model
0.7159090909090909,0.6837121212121212,0.7481060606060606,0.95,median,hdi-collapsed,1,1,0.000303860628696049,unigram_contrast,4
0.6193181818181818,0.5852272727272727,0.6590909090909091,0.95,median,hdi-collapsed,1,0.97775,0.0320476809875416,bigram_contrast,4
0.7272727272727273,0.6931818181818182,0.7556818181818182,0.95,median,hdi-collapsed,1,1,0.000219258564878295,both_contrast,4
