accuracy,.lower,.upper,.width,.point,.interval,p_above_chance,p_above_random,OverlapWithRandom,list,model
0.7566287878787878,0.7339015151515151,0.7774621212121212,0.95,median,hdi-collapsed,1,1,1.4387303891083e-05,unigram_contrast,128
0.6335227272727273,0.6060606060606061,0.6581439393939394,0.95,median,hdi-collapsed,1,1,0.0117832518548969,bigram_contrast,128
0.6799242424242424,0.65625,0.7035984848484849,0.95,median,hdi-collapsed,1,1,0.000805199151343822,both_contrast,128
