word,word_len,uni_prob,uni_prob_freq_weighted,bi_prob,bi_prob_freq_weighted,bi_prob_smoothed,bi_prob_freq_weighted_smoothed,pos_uni_score,pos_uni_score_freq_weighted,pos_uni_score_smoothed,pos_uni_score_freq_weighted_smoothed,pos_bi_score,pos_bi_score_freq_weighted,pos_bi_score_smoothed,pos_bi_score_freq_weighted_smoothed
v e D,3,-9.273127360074948,,-inf,-inf,-13.260524038412512,-inf,1.0,1.0,1.0871508112887422,1.0,1.0,1.0,1.0044153552996449,1.0
D ^ v,3,-9.273127360074948,,-inf,,-10.264791764858522,,1.4722222222222223,,1.2782517265275886,,1.0625,,1.0066035391070844,
y c d,3,-10.253956613086672,,-inf,,-11.0993021691606,,1.2291666666666667,,1.1911009152388463,,1.0625,,1.0066035391070844,
n c d,3,-9.966274540634894,,-inf,,-12.524817243433771,,1.1180555555555556,,1.1398188639567952,,1.0,1.0,1.0044153552996449,1.0
D Y v,3,-9.966274540634894,,-inf,,-10.915379330999672,,1.3472222222222223,,1.2241976724735344,,1.0,1.0,1.0044153552996449,1.0
w u v,3,-10.659421721194835,,-inf,,-11.75162735520029,,1.3055555555555556,,1.2013286496045117,,1.0,1.0,1.0044153552996449,1.0
D ^ d,3,-9.273127360074948,,-inf,,-10.957938945418467,,1.3472222222222223,,1.243768967906899,,1.0625,,1.0066035391070844,
h ^ s,3,-9.966274540634892,,-inf,,-11.388721861510922,,1.3055555555555556,,1.2013286496045117,,1.0,1.0,1.0044153552996449,1.0
n W d,3,-9.966274540634894,,-inf,,-11.831670062873826,,1.1180555555555556,,1.1398188639567952,,1.0625,,1.0066035391070844,
