word,word_len,uni_prob,uni_prob_freq_weighted,bi_prob,bi_prob_freq_weighted,bi_prob_smoothed,bi_prob_freq_weighted_smoothed,pos_uni_score,pos_uni_score_freq_weighted,pos_uni_score_smoothed,pos_uni_score_freq_weighted_smoothed,pos_bi_score,pos_bi_score_freq_weighted,pos_bi_score_smoothed,pos_bi_score_freq_weighted_smoothed
D e D,3,-7.447022576379432,,-inf,,-11.123727329325936,,1.2352941176470589,,1.222795148915106,,1.0,1.0,1.0066901605414778,1.0
y e D,3,-8.83331693749932,,-inf,,-11.893414587008216,,1.0588235294117647,,1.134559854797459,,1.0,1.0,1.0066901605414778,1.0
y ^ D,3,-8.83331693749932,,-inf,,-11.893414587008216,,1.2016806722689075,,1.199075983829717,,1.0,1.0,1.0066901605414778,1.0
z e D,3,-8.83331693749932,,-inf,-inf,-12.586561767568162,-inf,1.0,1.0,1.1051480900915764,1.0,1.0,1.0,1.0066901605414778,1.0
