word,word_len,uni_prob,uni_prob_freq_weighted,bi_prob,bi_prob_freq_weighted,bi_prob_smoothed,bi_prob_freq_weighted_smoothed,pos_uni_score,pos_uni_score_freq_weighted,pos_uni_score_smoothed,pos_uni_score_freq_weighted_smoothed,pos_bi_score,pos_bi_score_freq_weighted,pos_bi_score_smoothed,pos_bi_score_freq_weighted_smoothed
g i T,3,-10.635705194577522,,-inf,,-11.898187865760873,,1.277777777777778,,1.1977587343441003,,1,1,1.0036697741910503,1.0
T c T,3,-12.021999555697413,,-inf,,-12.701149912328026,,1.0555555555555556,,1.100197758734344,,1,1,1.0036697741910503,1.0
n c T,3,-10.635705194577522,,-inf,,-12.814478597635029,,1.0555555555555556,,1.100197758734344,,1,1,1.0036697741910503,1.0
d c T,3,-10.923387267029304,,-inf,,-12.778110953464154,,1.0555555555555556,,1.100197758734344,,1,1,1.0036697741910503,1.0
T c g,3,-10.635705194577522,,-inf,,-12.814478597635029,,1.0555555555555556,,1.100197758734344,,1,1,1.0036697741910503,1.0
n c G,3,-10.635705194577522,,-inf,,-12.814478597635029,,1.126984126984127,,1.127224785761371,,1,1,1.0036697741910503,1.0
n c d,3,-9.537092905909413,,-inf,,-11.792827350103048,,1.1984126984126984,,1.1542518127883985,,1,1,1.0036697741910503,1.0
g c T,3,-10.635705194577522,,-inf,,-11.898187865760873,,1.2222222222222223,,1.1733684904416612,,1,1,1.0036697741910503,1.0
