accuracy,.lower,.upper,.width,.point,.interval,p_above_chance,p_above_random,OverlapWithRandom,list,model
0.7348484848484849,0.7111742424242424,0.7566287878787878,0.95,median,hdi-collapsed,1,1,8.7354609909199e-06,unigram_contrast,1.01625
0.6022727272727273,0.5776515151515151,0.6306818181818182,0.95,median,hdi-collapsed,1,0.94975,0.0415724672708937,bigram_contrast,1.01625
0.6534090909090909,0.6297348484848485,0.6799242424242424,0.95,median,hdi-collapsed,1,1,0.00448321505531884,both_contrast,1.01625
