accuracy,.lower,.upper,.width,.point,.interval,p_above_chance,p_above_random,OverlapWithRandom,list,model
0.7149621212121212,0.6922348484848485,0.7376893939393939,0.95,median,hdi-collapsed,1,1,0.000129905258662201,unigram_contrast,1.01
0.5928030303030303,0.5643939393939394,0.6174242424242424,0.95,median,hdi-collapsed,1,0.8165,0.0598163195829247,bigram_contrast,1.01
0.6401515151515151,0.6174242424242424,0.6676136363636364,0.95,median,hdi-collapsed,1,1,0.00773972119380925,both_contrast,1.01
