accuracy,.lower,.upper,.width,.point,.interval,p_above_chance,p_above_random,OverlapWithRandom,list,model
0.7357954545454546,0.7121212121212122,0.7566287878787878,0.95,median,hdi-collapsed,1,1,2.19659419961478e-05,unigram_contrast,1.015
0.6003787878787878,0.5738636363636364,0.6268939393939394,0.95,median,hdi-collapsed,1,0.934,0.0451236084604469,bigram_contrast,1.015
0.6543560606060606,0.6297348484848485,0.6789772727272727,0.95,median,hdi-collapsed,1,1,0.00409467482761359,both_contrast,1.015
