accuracy,.lower,.upper,.width,.point,.interval,p_above_chance,p_above_random,OverlapWithRandom,list,model
0.740530303030303,0.7196969696969697,0.7642045454545454,0.95,median,hdi-collapsed,1,1,1.69422732489581e-05,unigram_contrast,1.0175
0.6051136363636364,0.5785984848484849,0.6306818181818182,0.95,median,hdi-collapsed,1,0.9715,0.0368393072043319,bigram_contrast,1.0175
0.65625,0.6335227272727273,0.6818181818181818,0.95,median,hdi-collapsed,1,1,0.00373579642265904,both_contrast,1.0175
