accuracy,.lower,.upper,.width,.point,.interval,p_above_chance,p_above_random,OverlapWithRandom,list,model
0.7400568181818182,0.7239583333333334,0.7547348484848485,0.95,median,hdi-collapsed,1,1,3.54079993570613e-05,unigram_contrast,1.02
0.6074810606060606,0.5885416664913818,0.6264204545454546,0.95,median,hdi-collapsed,1,0.99725,0.0258412181966417,bigram_contrast,1.02
0.665719696969697,0.6491477272727273,0.6841856110229161,0.95,median,hdi-collapsed,1,1,0.000890555308646267,both_contrast,1.02
