accuracy,.lower,.upper,.width,.point,.interval,p_above_chance,p_above_random,OverlapWithRandom,list,model
0.7367424242424242,0.7140151515151515,0.7585227272727273,0.95,median,hdi-collapsed,1,1,2.68102111434316e-05,unigram_contrast,1.025
0.6079545454545454,0.5823863636363636,0.6335227272727273,0.95,median,hdi-collapsed,1,0.98225,0.0331232797460457,bigram_contrast,1.025
0.6676136363636364,0.6448863636363636,0.6941287878787878,0.95,median,hdi-collapsed,1,1,0.00167311864308182,both_contrast,1.025
