accuracy,.lower,.upper,.width,.point,.interval,p_above_chance,p_above_random,OverlapWithRandom,list,model
0.7916666666666666,0.7708333333333334,0.8106060606060606,0.95,median,hdi-collapsed,1,1,3.21428438191638e-06,unigram_contrast,1.5
0.6335227272727273,0.6070075757575758,0.6590909090909091,0.95,median,hdi-collapsed,1,1,0.0117940695744488,bigram_contrast,1.5
0.7102272727272727,0.6875,0.7329545454545454,0.95,median,hdi-collapsed,1,1,0.000125972426269674,both_contrast,1.5
