accuracy,.lower,.upper,.width,.point,.interval,p_above_chance,p_above_random,OverlapWithRandom,list,model
0.7926136363636364,0.7746212121212122,0.8153409090909091,0.95,median,hdi-collapsed,1,1,1.41242248897878e-05,unigram_contrast,1.75
0.6354166666666666,0.6098484848484849,0.6600378787878788,0.95,median,hdi-collapsed,1,1,0.0104178491112815,bigram_contrast,1.75
0.709280303030303,0.6875,0.7329545454545454,0.95,median,hdi-collapsed,1,1,0.000199190692109903,both_contrast,1.75
