accuracy,.lower,.upper,.width,.point,.interval,p_above_chance,p_above_random,OverlapWithRandom,list,model
0.7954545454545454,0.7746212121212122,0.8153409090909091,0.95,median,hdi-collapsed,1,1,2.94859601540829e-05,unigram_contrast,2
0.6373106060606061,0.6107954545454546,0.6628787878787878,0.95,median,hdi-collapsed,1,1,0.00970018632591901,bigram_contrast,2
0.7111742424242424,0.6893939393939394,0.7348484848484849,0.95,median,hdi-collapsed,1,1,9.66218783002727e-05,both_contrast,2
