accuracy,.lower,.upper,.width,.point,.interval,p_above_chance,p_above_random,OverlapWithRandom,list,model
0.803030303030303,0.7831439393939394,0.8229166666666666,0.95,median,hdi-collapsed,1,1,2.07716474341791e-05,unigram_contrast,32
0.6420454545454546,0.6164772727272727,0.6666666666666666,0.95,median,hdi-collapsed,1,1,0.00696941153323751,bigram_contrast,32
0.7149621212121212,0.6922348484848485,0.7376893939393939,0.95,median,hdi-collapsed,1,1,0.000109271303759304,both_contrast,32
