accuracy,.lower,.upper,.width,.point,.interval,p_above_chance,p_above_random,OverlapWithRandom,list,model
0.8001893939393939,0.7793560606060606,0.8181818181818182,0.95,median,hdi-collapsed,1,1,2.45589671987172e-05,unigram_contrast,4
0.6410984848484849,0.6164772727272727,0.6666666666666666,0.95,median,hdi-collapsed,1,1,0.00771078631228642,bigram_contrast,4
0.7130681818181818,0.6903409090909091,0.7348484848484849,0.95,median,hdi-collapsed,1,1,0.000100163144617057,both_contrast,4
