accuracy,.lower,.upper,.width,.point,.interval,p_above_chance,p_above_random,OverlapWithRandom,list,model
0.8020833333333334,0.7831128570674436,0.8238325540371401,0.95,median,hdi-collapsed,1,1,1.83734160755175e-05,unigram_contrast,64
0.6420454545454546,0.6183712121212122,0.6695075757575758,0.95,median,hdi-collapsed,1,1,0.00671079497330973,bigram_contrast,64
0.7149621212121212,0.6922348484848485,0.7376893939393939,0.95,median,hdi-collapsed,1,1,9.50760324293086e-05,both_contrast,64
